[
  {
    "value": "pizza",
    "synonyms": [
      "pizza",
      "piza"
    ]
  },
  {
    "value": "mango lassi",
    "synonyms": [
      "mango lassi",
      "lassi,yogurt,curd",
      "lasi, mago lasi"
    ]
  },
  {
    "value": "vada pav",
    "synonyms": [
      "vada pav",
      ",vada pav, vada"
    ]
  },
  {
    "value": "rava dosa",
    "synonyms": [
      "rava dosa",
      "rava,rava dosa,dosa"
    ]
  },
  {
    "value": "samosa",
    "synonyms": [
      "samosa",
      "samosa,samo,singhara"
    ]
  },
  {
    "value": "idly",
    "synonyms": [
      "idly"
    ]
  },
  {
    "value": "poori",
    "synonyms": [
      "poori"
    ]
  },
  {
    "value": "mint chutney",
    "synonyms": [
      "mint chutney"
    ]
  },
  {
    "value": "ketchup",
    "synonyms": [
      "ketchup"
    ]
  },
  {
    "value": "raitha",
    "synonyms": [
      "raitha"
    ]
  },
  {
    "value": "chicken briyani",
    "synonyms": [
      "chicken briyani"
    ]
  },
  {
    "value": "veg briyani",
    "synonyms": [
      "veg briyani"
    ]
  },
  {
    "value": "dosa",
    "synonyms": [
      "dosa"
    ]
  },
  {
    "value": "mutton briyani",
    "synonyms": [
      "mutton briyani"
    ]
  },
  {
    "value": "chicken noodles",
    "synonyms": [
      "chicken noodles",
      "chicken noodles,noodles"
    ]
  },
  {
    "value": "chicken 65",
    "synonyms": [
      "chicken 65",
      "chicken65,65"
    ]
  },
  {
    "value": "mutton chukka",
    "synonyms": [
      "mutton chukka",
      "mutton chukka,chukka"
    ]
  },
  {
    "value": "podi idly",
    "synonyms": [
      "podi idly",
      "podi idly,idly podi"
    ]
  }
]