[
  {
    "id": "de3d640d-6ee7-4d08-8d4f-4a486e52c0e9",
    "data": [
      {
        "text": "Initiate a new order",
        "userDefined": false
      }
    ],
    "isTemplate": false,
    "count": 0,
    "lang": "en",
    "updated": 0
  },
  {
    "id": "32d68f49-c9e7-4fa3-a268-c621deb232c0",
    "data": [
      {
        "text": "Can I get a fresh order?",
        "userDefined": false
      }
    ],
    "isTemplate": false,
    "count": 0,
    "lang": "en",
    "updated": 0
  },
  {
    "id": "dd9f7e91-7432-4aad-8ded-7fb987c9bc9b",
    "data": [
      {
        "text": "Let\u0027s make a new purchase.",
        "userDefined": false
      }
    ],
    "isTemplate": false,
    "count": 0,
    "lang": "en",
    "updated": 0
  },
  {
    "id": "4bf5da84-237d-4fbc-835f-714cd6de9a2b",
    "data": [
      {
        "text": "place new order",
        "userDefined": false
      }
    ],
    "isTemplate": false,
    "count": 0,
    "lang": "en",
    "updated": 0
  }
]